Title,year,Price,condition,cylinders,drive,fuel,odometer,paint color,transmission,type
2010 TOYOTA CAMRY,2010.0,3200.0,,,,gas,100000.0,silver,automatic,sedan
2010 TOYOTA CAMRY,2010.0,999.0,,,,gas,80000.0,black,automatic,sedan
2021 TOYOTA COROLLA LE PRESTINE COND 65K MI 1 OWNER AUTO $16200B/O,2021.0,1.0,like new,4 cylinders,fwd,gas,65000.0,,automatic,sedan
2011 Toyota Camry LE 4dr Sedan 6A,2011.0,5600.0,,4 cylinders,fwd,gas,145425.0,white,automatic,sedan
Toyota Sienna Wheelchair,,35000.0,excellent,6 cylinders,fwd,gas,69500.0,,automatic,minivan
Toyota Highlander For Sell,,3800.0,excellent,6 cylinders,4wd,gas,128000.0,silver,automatic,SUV
TOYOTA CAMRY LE For Sell,,6800.0,like new,4 cylinders,fwd,gas,104000.0,blue,automatic,sedan
2007 Toyota Prius Hybrid Three w/Navigation & Camera 2 Owner,2007.0,4250.0,excellent,4 cylinders,fwd,gas,197800.0,,automatic,hatchback
2010 Toyota Prius Hybrid. Super Low Mileage 40K,2010.0,9990.0,excellent,,,hybrid,40496.0,,automatic,hatchback
2012 Toyota Corolla,2012.0,1800.0,like new,4 cylinders,fwd,gas,125000.0,black,automatic,sedan
2013 TOYOTA PRIUS Hybrid - 108k miles GAS saver over 50MPG Warranty,2013.0,8995.0,,4 cylinders,,hybrid,108084.0,,automatic,hatchback
📲2013 TOYOTA LAND CRUISER 4X4 SUV * ONLY 113k Mi * SERVICD * PRISTINE,2013.0,36900.0,like new,8 cylinders,4wd,gas,113466.0,black,automatic,SUV
"1987 Toyota FJ60 - 5 Speed, new frame, rear locked, Holly Sniper EFI",1987.0,20000.0,good,6 cylinders,4wd,gas,280000.0,red,manual,offroad
2010 Toyota Highlander Limited,2010.0,4300.0,,,,gas,230000.0,,automatic,SUV
2000 Toyota RAV4,2000.0,1600.0,,,,gas,200000.0,,automatic,SUV
2019 Toyota Highlander XLE AWD V6,2019.0,16999.0,good,6 cylinders,4wd,gas,144967.0,white,automatic,SUV
"Toyota Avalon 2008, 286k, Running great",2008.0,1999.0,fair,6 cylinders,fwd,gas,286000.0,grey,automatic,sedan
2021 TOYOTA COROLLA,2021.0,17500.0,excellent,4 cylinders,,gas,47090.0,,automatic,sedan
2014 TOYOTA COROLLA LE,2014.0,11999.0,excellent,4 cylinders,,gas,96090.0,,automatic,sedan
2022 Toyota Corolla LE Sedan,2022.0,237.0,excellent,,,gas,63641.0,black,automatic,sedan
2010 Toyota Prius 5dr HB II Hatchback,2010.0,,excellent,,,gas,142000.0,blue,automatic,hatchback
2020 Toyota Sienna XLE Auto Access Seat7Passenger Seat 7 Passenger Sea,2020.0,17499.0,excellent,6 cylinders,,gas,145323.0,,automatic,van
2005 Toyota Sienna  (103k miles),2005.0,1750.0,,,,gas,186000.0,,automatic,minivan
2007 Toyota Camry XLE V6/Leath/Sunroof/1 Owner.Runs Perfect!,2007.0,4995.0,good,6 cylinders,fwd,gas,186121.0,white,automatic,sedan
2019 Toyota Corolla Se/Like New/Only 39k/Online Approvals,2019.0,15990.0,like new,4 cylinders,fwd,gas,39121.0,blue,automatic,sedan
"2021 Prius Prime Le/One Owner/All Toyota Serv. Records/Looks,Runs Grea",2021.0,16990.0,excellent,4 cylinders,4wd,hybrid,120240.0,white,automatic,hatchback
2019 Toyota Camry SE 4-cylinder,2019.0,13999.0,excellent,4 cylinders,fwd,gas,48754.0,grey,automatic,sedan
2021 Toyota RAV4 LE AWD,2021.0,18995.0,excellent,4 cylinders,4wd,gas,38235.0,white,automatic,SUV
2013 Toyota Highlander SE AWD 4dr SUV,2013.0,6995.0,good,6 cylinders,4wd,gas,210652.0,red,automatic,SUV
2010 Toyota Corolla S An American Favorite!,2010.0,8527.0,,4 cylinders,fwd,gas,91755.0,grey,automatic,sedan
2010 Toyota Prius IV,2010.0,9300.0,like new,,,gas,114000.0,,automatic,
2010 Toyota Camry 4dr Sdn I4 LE,2010.0,9995.0,,4 cylinders,fwd,gas,73339.0,green,automatic,sedan
2014 Toyota Camry HYBRID YELLOW. I have 2,2014.0,2500.0,,,,gas,470000.0,,automatic,sedan
2012 Toyota higlander SE,2012.0,10900.0,like new,6 cylinders,4wd,gas,92000.0,black,automatic,SUV
21K MILE TOYOTA SIENNA LE HANDICAP WHEELCHAIR POWER RAMP VAN,,49900.0,,6 cylinders,,gas,21097.0,,automatic,minivan
2013 Toyota Prius Hybrid Two Clean Title,2013.0,5800.0,good,4 cylinders,fwd,gas,192900.0,,automatic,hatchback
***TOYOTA COROLLA MATRIX-Pontiac Vibe 105kmiles,,4500.0,excellent,4 cylinders,fwd,gas,105000.0,blue,automatic,sedan
2010 Toyota Prius IV IV 4dr Hatchback,2010.0,5500.0,excellent,4 cylinders,4wd,hybrid,170000.0,grey,automatic,bus
2005 Toyota Avalon touring,2005.0,2800.0,good,6 cylinders,,gas,106000.0,,automatic,
2009 Toyota Sienna LE 7 Passenger 4dr Mini Van,2009.0,9995.0,,,fwd,gas,83601.0,custom,automatic,minivan
Toyota FJ43 Land Cruiser,,45000.0,excellent,6 cylinders,4wd,gas,3500.0,grey,manual,SUV
2016 TOYOTA HIGHLANDER LE PREMIUM AWD,2016.0,13500.0,excellent,6 cylinders,4wd,gas,82131.0,black,automatic,SUV
2007 Toyota Prius Base 4dr Hatchback,2007.0,4500.0,,4 cylinders,fwd,hybrid,172330.0,,automatic,hatchback
2006 Toyota Sienna LE 7 Passenger 4dr Mini Van,2006.0,3900.0,,6 cylinders,fwd,gas,204610.0,,automatic,hatchback
"2007 Toyota Highlander – Well Maintained, Garaged, Low Miles for Year",2007.0,5000.0,good,6 cylinders,4wd,gas,128100.0,blue,automatic,SUV
2008 Toyota Sienna Le 160k runs good,2008.0,2300.0,,,,gas,160000.0,,automatic,minivan
2022 TOYOTA CAMRY LE,2022.0,3000.0,good,4 cylinders,fwd,hybrid,130249.0,silver,automatic,sedan
"An Impressive 2018 Toyota RAV4 with 123,790 Miles-bronx",2018.0,12995.0,,4 cylinders,,gas,123790.0,white,automatic,other
2008 Toyota RAV4 Base 4x4 4dr SUV,2008.0,10995.0,,,4wd,gas,72479.0,custom,automatic,SUV
2019 Toyota Highlander LE V6 AWD (Natl) *APPROVED*APPROVED*APPROVED*,2019.0,,,,4wd,gas,249441.0,black,automatic,SUV
2020 Toyota Tacoma TRD Off Road Premium - 4X4 - Low Miles!,2020.0,31900.0,like new,6 cylinders,4wd,gas,50382.0,silver,automatic,pickup
2016 Toyota Sienna 5dr 7-Pass Van LE AAS FWD (Natl) *APPROVED*APPROVED*APPROVED*,2016.0,,,,fwd,gas,87695.0,blue,automatic,minivan
2018 TOYOTA CAMRY L,2018.0,2000.0,fair,4 cylinders,4wd,gas,115988.0,black,automatic,sedan
1997 TOYOTA CELSIOR V8 UCF21,1997.0,13795.0,,8 cylinders,fwd,gas,62000.0,black,automatic,other
2021 Toyota Corolla LE for sale by owner,2021.0,4200.0,excellent,4 cylinders,fwd,gas,215000.0,black,automatic,sedan
Car,,25000.0,like new,4 cylinders,fwd,gas,75008.0,silver,automatic,sedan
2013 Toyota Prius Three 173k miles - $2500 OBO,2013.0,2500.0,good,4 cylinders,fwd,hybrid,173019.0,silver,automatic,hatchback
Cherry Red 2007 Toyota RAV4 | Clean Title | Automatic | Runs Strong,2007.0,4200.0,good,,,gas,215625.0,red,automatic,SUV
2017 Toyota RAV4 LE AWD (Natl) $56 PER WEEK YOU OWN IT!,2017.0,,,,4wd,gas,113301.0,,automatic,SUV
2019 Toyota Highlander XLE V6 AWD (Natl) $108 PER WEEK YOU OWN IT!,2019.0,,,,4wd,gas,68257.0,black,automatic,SUV
2011 Toyota RAV4 AWD Sunroof Mint Low Miles 89k,2011.0,10499.0,new,4 cylinders,4wd,gas,89000.0,,automatic,
1989 Toyota Land Cruiser Original One Owner Clean Title,1989.0,25999.0,new,6 cylinders,4wd,gas,146000.0,silver,automatic,
2011 Toyota Rav4 AWD Low Miles Mint Very Reliable Vehicle,2011.0,8499.0,new,4 cylinders,4wd,gas,109000.0,black,automatic,
2012 Toyota Camry,2012.0,10945.0,excellent,4 cylinders,fwd,gas,64000.0,black,automatic,sedan
2014 Toyota camry LE,2014.0,4199.0,like new,4 cylinders,fwd,gas,180000.0,black,automatic,sedan
2014 Toyota Corolla S Loaded!,2014.0,10527.0,excellent,4 cylinders,fwd,gas,153950.0,blue,automatic,sedan
"Check Out This Spotless 2017 Toyota Camry with only 3,698 Mil-queens",2017.0,18495.0,,4 cylinders,fwd,gas,3698.0,grey,automatic,other
2007 Toyota Sequoia SR5,2007.0,5900.0,good,8 cylinders,4wd,gas,190000.0,green,automatic,SUV
2015 Toyota Sienna,2015.0,2000.0,,,,gas,164577.0,,automatic,minivan
2019 Toyota RAV4 LE,2019.0,16000.0,excellent,4 cylinders,fwd,gas,139000.0,black,automatic,SUV
Toyota Camry LE 2005,2005.0,3500.0,good,4 cylinders,fwd,gas,237000.0,black,automatic,sedan
Toyota Sienna 2011,2011.0,5999.0,good,,fwd,gas,177000.0,black,automatic,minivan
2023 Toyota Camry XSE Sedan,2023.0,308.0,excellent,,,gas,60437.0,black,automatic,sedan
2011 Toyota Camry 4dr Sdn I4 Auto SE (Natl) Sedan,2011.0,,excellent,,,gas,176000.0,silver,automatic,sedan
2008 TOYOTA RAV4 LIMITED SPORT UTILITY 4D,2008.0,7395.0,excellent,6 cylinders,4wd,gas,146075.0,white,automatic,SUV
2008 Toyota Sienna LE 8-Passenger LE 8-Passenger 4dr Mini-Van,2008.0,4500.0,excellent,6 cylinders,4wd,gas,140000.0,grey,automatic,minivan
2016 Toyota Corolla L,2016.0,9200.0,excellent,4 cylinders,,gas,96064.0,,automatic,sedan
2008 Toyota Tundra 4WD Truck Dbl 5.7L V8 6-Spd AT SR5 (Natl),2008.0,14999.0,,,4wd,gas,110939.0,,automatic,pickup
2008 TOYOTA RAV4 SPOTS,2008.0,3999.0,,6 cylinders,4wd,gas,153000.0,red,automatic,SUV
2010 Toyota Corolla,2010.0,4500.0,excellent,4 cylinders,fwd,gas,163000.0,white,automatic,sedan
2006 Toyota Scion Low Miles V4!,2006.0,3999.0,like new,4 cylinders,,gas,143000.0,black,automatic,
2011 TOYOTA RAV4,2011.0,9300.0,excellent,4 cylinders,4wd,gas,133000.0,blue,automatic,SUV
Pontiac Vibe 2003,2003.0,1300.0,good,4 cylinders,fwd,gas,183000.0,silver,automatic,hatchback
2012 Toyota Prius V 5dr Wgn Two (Natl),2012.0,13395.0,,4 cylinders,fwd,gas,85406.0,silver,automatic,hatchback
2009 Toyota Camry V4!,2009.0,3999.0,excellent,4 cylinders,,gas,171000.0,grey,automatic,sedan
2014 Toyota Corolla LE ***Guaranteed Financing!!!,2014.0,8800.0,,,fwd,gas,116342.0,red,automatic,sedan
2017 Toyota Corolla L ***Guaranteed Financing!!!,2017.0,10800.0,,,fwd,gas,131695.0,silver,automatic,sedan
2005 Toyota Tacoma V6 4dr Double Cab 4WD,2005.0,13000.0,,6 cylinders,4wd,gas,125770.0,silver,automatic,truck
"2012 Toyota Prius 176,000 Miles CLEAN WITH CONVERTER SHIELD",2012.0,4500.0,excellent,4 cylinders,,hybrid,176186.0,,automatic,hatchback
2002 Toyota 4runner Awd Auto 250k Miles Starts But Been Sitting For 2,2002.0,1350.0,,,4wd,gas,250000.0,,automatic,SUV
2 JDM cars 1997 Toyota crown and 98 mini Pajero,1997.0,6500.0,excellent,4 cylinders,,gas,70000.0,,automatic,
2009  toyota matrix s 4D hatchback,2009.0,6500.0,excellent,4 cylinders,,gas,100.0,,automatic,
2023 Toyota Camry XSE - Call/Text 718-578-4337,2023.0,21699.0,,,fwd,gas,57572.0,,automatic,sedan
2009 Toyota Venza AWD V6 4dr Crossover,2009.0,10995.0,,,4wd,gas,87201.0,white,automatic,wagon
2009 TOYOTA HIGHLANDER HYBRID LIMITED,2009.0,8600.0,excellent,6 cylinders,4wd,hybrid,141000.0,silver,automatic,SUV
2009 Toyota Avalon XLS,2009.0,2100.0,good,6 cylinders,fwd,gas,158324.0,blue,automatic,sedan
2023 Toyota RAV4 XLE - Call/Text 718-578-4337,2023.0,23818.0,,,fwd,gas,57324.0,,automatic,SUV
2010 Toyota Prius with 86000 miles,2010.0,8000.0,good,,,hybrid,86000.0,grey,automatic,hatchback
2005 Toyota 4Runner Sport Backup camera,2005.0,5500.0,excellent,6 cylinders,4wd,gas,170000.0,silver,automatic,SUV
Toyota Sienna 2020 XLE,2020.0,19900.0,good,5 cylinders,fwd,gas,103000.0,black,automatic,minivan
